,SurvCaus,SurvCaus_0,BART,CoxPH,DeepSurv,EST,RSF
p,"[0.1, 0.25, 0.4, 0.5, 0.75, 0.9]","[0.1, 0.25, 0.4, 0.5, 0.75, 0.9]","[0.1, 0.25, 0.4, 0.5, 0.75, 0.9]","[0.1, 0.25, 0.4, 0.5, 0.75, 0.9]","[0.1, 0.25, 0.4, 0.5, 0.75, 0.9]","[0.1, 0.25, 0.4, 0.5, 0.75, 0.9]","[0.1, 0.25, 0.4, 0.5, 0.75, 0.9]"
t*_0 true,"[1.2, 0.93, 0.75, 0.66, 0.42, 0.25]","[1.2, 0.93, 0.75, 0.66, 0.42, 0.25]","[1.2, 0.93, 0.75, 0.66, 0.42, 0.25]","[1.2, 0.93, 0.75, 0.66, 0.42, 0.25]","[1.2, 0.93, 0.75, 0.66, 0.42, 0.25]","[1.2, 0.93, 0.75, 0.66, 0.42, 0.25]","[1.2, 0.93, 0.75, 0.66, 0.42, 0.25]"
t*_0 pred,"[2.09, 1.03, 0.67, 0.54, 0.29, 0.14]","[1.87, 0.85, 0.51, 0.4, 0.19, 0.11]","[1.39, 1.39, 1.17, 0.94, 0.51, 0.3]","[1.46, 1.46, 1.46, 1.46, 1.46, 1.46]","[0.0, 0.0, 0.0, 0.0, 0.0, 0.0]","[2.06, 2.06, 2.06, 1.39, 0.62, 0.33]","[2.06, 2.06, 1.33, 0.87, 0.51, 0.29]"
dif_0,0.37680675860888335,0.3298989744351039,0.2924323283542136,0.8203962457251983,0.7683206795776532,0.8477322690566874,0.6333377192830588
t*_1 true,"[0.49, 0.38, 0.31, 0.26, 0.17, 0.1]","[0.49, 0.38, 0.31, 0.26, 0.17, 0.1]","[0.49, 0.38, 0.31, 0.26, 0.17, 0.1]","[0.49, 0.38, 0.31, 0.26, 0.17, 0.1]","[0.49, 0.38, 0.31, 0.26, 0.17, 0.1]","[0.49, 0.38, 0.31, 0.26, 0.17, 0.1]","[0.49, 0.38, 0.31, 0.26, 0.17, 0.1]"
t*_1 pred,"[0.53, 0.4, 0.31, 0.25, 0.15, 0.09]","[0.82, 0.46, 0.34, 0.26, 0.16, 0.1]","[0.47, 0.36, 0.24, 0.22, 0.15, 0.1]","[0.26, 0.19, 0.17, 0.15, 0.1, 0.07]","[0.23, 0.18, 0.16, 0.15, 0.1, 0.08]","[0.7, 0.42, 0.29, 0.23, 0.14, 0.09]","[0.56, 0.38, 0.25, 0.21, 0.14, 0.09]"
dif_1,0.020816659994661348,0.139224040069714,0.03582364210034114,0.14520101009749667,0.1567907310185565,0.08944271909999157,0.04472135954999581
dif,0.19881170930177236,0.23456150725240896,0.1641279852272774,0.4827986279113475,0.46255570529810486,0.4685874940783395,0.3390295394165273
